question,topic
Once your ex was your lover will you give them another chance,Dating and Relationships
Any,Random
What type of guys do u hate on hunch,Dating and Relationships
Karnapishachini ko kya chahiye,Movies and TV
Feeling hai woExpress nhi kar,Dating and Relationships
Zinda ho ya ni,Music
Cozy Evenings with gfbf after tiring day,Dating and Relationships
How much can a girl can put a dick inside her puy,Dating and Relationships
Aaj fir tum pe pyaar aaya hai be had or bekaraar aaya hai thx for vibes,Music
Men Does scars on a girls body matter,Dating and Relationships
If you gf or bf give you one chance to cheat would you take it,Dating and Relationships
Do boys start to hate their gf if his mother dont like her,Dating and Relationships
What is your opinion guys,Random
Ask me a question,Random
What hurts the most,Dating and Relationships
Am I looking good or looking like a hero,Random
Love or lovely sex or else blind sex,Dating and Relationships
If any girl comments Ill stay कवर for rst of my life,Random
I have a one night stand and get preggo r u telling the other person,Dating and Relationships
Kya sbse jyada keemti hai tumhare liye,Random
Lie jhoot,Random
Girl with specs looks much better or without specs,Dating and Relationships
Whom would you want to be in a relationship with,Dating and Relationships
Aapki age kya hai,Random
Girls say what you prefer,Random
Why you dont follow me Drop your honest answer,Random
If a man give you a chance after you cheated him,Dating and Relationships
Which superpower do you prefer,Random
Are you a pickup line person or a roasting person,Random
Am I cute and pretty,Dating and Relationships
Ab bhi log sex sux ke polls daal rahe h kya yaha,Random
Give me one advice for better relationship,Dating and Relationships
Girls poochho secretly,Random
Breakup ke baad ki first feeling,Dating and Relationships
How do u or would u ask for consent for sex,Dating and Relationships
What turns a girl onn,Dating and Relationships
Koi valentine day sath me manayega,Dating and Relationships
Truth or dare,Random
Kabhi kisi ne tumhe dhoka diya,Random
Recently got to know about galentines do you knew it,Dating and Relationships
WHAT KIND OF LIFE PARTNER YOU WANT,Dating and Relationships
Are you attracted or having crush on your friend,Dating and Relationships
Wts Girls Expecting From Boys After A twelve Years Of Knowing Eachother,Dating and Relationships
I have am prajapati,Random
IM SINGILE CAN SOME GIVE ME NUMBER GIRLS,Dating and Relationships
Horny and sexy whos is ready to fuck me,Dating and Relationships
Do all girls agree that we cant get a fictional men in real life,Dating and Relationships
Why good guys always stay single,Dating and Relationships
Ye casual hookups wagere apne yaha bhi chalta hai kya,Dating and Relationships
If I give you my Insta would you follow,Random
Bus aysi cutie chahiye,Dating and Relationships
Maths mai x single h ya committed kyuki hr baar new value aati hai,Random
He dont get my hints is he dumb her hints,Dating and Relationships
Whats more important,Random
Ive a seventy-five inch long dick Would you like to see it,Dating and Relationships
What is better Friends with Benefits or Serious Relationship,Dating and Relationships
Would you rather marry your ex or marry the last person you had sex with,Dating and Relationships
Anyone up to chat,Random
Would you flirt with girls at your workplace,Random
Kisine Kisi Ladki ko sacchi seh pyar Kiya hai kya,Random
What if,Random
agar aapko mohobbat ho jaati hai toh aap,Random
Heyy girls,Random
Girls follow me,Random
Favorite thing to do with your partner,Dating and Relationships
Tell the actions of your partner that hurt you,Dating and Relationships
Is hunch a dating app,Technology and Internet
Favourite excuse for not answering BFs call,Random
Should we take age as consent to make new friends,Random
Kise I LOVE YOU bolna zyada mushkil ha,Random
Is a transgender lesbian a straight man,Philosophy and Religion
I finally moved on from yeh bekaar hvoh bekaar h to m bekaar hun,Random
Do you have ever used any dating app,Technology and Internet
Mera koi friend banega,Random
send a truth to me on ngl,Random
Anybody interested in chatting about my ex gold digger gf,Dating and Relationships
God ne hume bnate wakt feelings or dil kiske andar dalla,Random
What is more important in yours life,Philosophy and Religion
Do you have a girlfriend,Random
Is there anything i could do for you Ask legit and possible things,Random
F Ask me anything I will answer,Random
who will be friends with me,Random
Khoobsurat bahot hai lekin dil lgane ke kaabil nhi hai,Dating and Relationships
Do indian girls thinks of getting fucked by a dude they know,Dating and Relationships
Who think nowadays finding true love is impossible,Random
Do u ever get horny in awkward places,Random
Kon apni gf ko choti bachii ki tarah treat karte ho,Random
Need female friend,Random
Oral or Anal,Dating and Relationships
Are u virgin or not,Random
Girls do you really feel horny during periods,Random
Truth and dare khele,Random
The weirdest relationship you have been through,Dating and Relationships
fifteen gb ka kya karte ho,Technology and Internet
Shaadi Season On Is baar toh pakka GF bna hi lunga kisi ko,Random
What is the longest time a man has fucked you until you beg him to stop,Dating and Relationships
Would you have sex with me,Dating and Relationships
Are you a nice guy or a good guy,Random
Do you have crush from childhood,Random
Kya asi ladki ko chnce dena chaiye jo friend banane ke chkar main benefit,Random
How to send direct messages in hunch,Technology and Internet
nan,Technology and Internet
Ye Alpha Creator kya hota hai,Random
konsi neckband lena chahiye,Random
anyone else think that hunch has fake bots whats your opinion,Random
Can Ai make hunch polls,Technology and Internet
Which mode do you use,Random
Do u like computer period in school,Random
Kya faida hai iss app ka,technology and Internet
Choose one,Random
Lmao how does this work,Random
nan,Random
Youre on a LIVE broadcast being shown to the entire world,Movies and TV
where are my UFO people at,Random
Is it appropriate for a friend to help open a social media account,Random
Bhaut jyada,Technology and Internet
Subscribe to my polls thanks,Technology and Internet
Does everyone facing login problem on instagram and facebook,Random
Guys yeh Hunch bimaar kyun hai Kitni baar crash hoga,Random
What do you think about Hunchafter your experience and why,Random
Which of the appssites have you been banned from,technology and Internet
Which app is better for annonymos chatting,Technology and Internet
What is the most usless innovation of twenty-onest century,Random
How to avoid shitty polls on this app,Random
Kya idhar koi space enthusiasts hai kya,Random
one me bhi half hour,Random
Internet data,Technology and Internet
___,Technology and Internet
Ek bar fir hunch ke servers ke pankhe ftt gye,Random
Yaar fiveg pack me unlimited net bolke sirf twogb net hi de rahe,technology and Internet
Wanna Join My Gc On Discord or Myabe Telegram,Technology and Internet
Can we use Jio Sim in foreign nations,Technology and Internet
What is your field for career,Random
Upload,Technology and Internet
Dhupp dhup phone rak do dhup dhup,Technology and Internet
Who says PM ne kiya hi kya hai,Random
Whats the coolest feature of hunch,Technology and Internet
Which platform is best,Technology and Internet
Did the bhakts go silent after finding out about Xiaomi and Vivo funding,Technology and Internet
Which one is the best from the below apps,Technology and Internet
Have you ever use this formula to solve a problem in real life ab²,Random
Whats your fav,Random
Which aap interface do you see most interesting,Technology and Internet
Any laptop skills is easy only oneweek if your friend is teaching,Random
Your thoughts,Random
Fr bro,technology and Internet
Konsi gaadi ka engine hai,Random
recharge coupon pda hai nineteen wala chaiye kisi ko mere ghr me wifi hai,Random
Which Social App you prefer more,Technology and Internet
I reached Alpha Creator,Random
What do u use the most For me its insta drop ur insta Id for a follow,Random
My yt history is more embarrassing than my chrome history,technology and Internet
Dimag ka Dahi six Which charge is present on Nutrone,Random
"one thousand, nine hundred and twenty-four predictions for life in two thousand and twenty-four Cmnt your thoughts and predictions",Random
Ye hunch pe viral kaise hote hai yaar,Random
Maje karo,Random
Hunch test,Random
How many hours do u use Instagram,Random
Can anyone tell me the details of hunch app,Technology and Internet
New here How does this app work How to find friends,Random
CODEXfour hundred and four CODEXfour hundred and four eight four hundred and four four zero four eight eight eight sixteen six one seven,Random
Best camera,Technology and Internet
The Hunch developer is from one sided For girls,Technology and Internet
Anyone is interested for learning programming together,Technology and Internet
What is the best time to ask questions on this app,Random
What is the best WiFi name you have seen in your entire life,Technology and Internet
Choose a superpower First to reply chooses side effect part two,Random
Ktwo hundred and ninety-twoij,Random
Mac Or windows,Technology and Internet
Mere Phone me to two hundred and fourteenGB ka hai Hunch Whats your size,Random
saw everyone doin this so why not me,Random
Choose one,Random
Self control test,Random
Have you ever been a victim of cybercrime,Law and Order
Do u think social media has become useless sab dikhava krte hai ab,Random
Can you Google Google,Technology and Internet
Dark mode or light mode,Technology and Internet
Is it possible that we can get free internet using some VPN,Technology and Internet
I am thermo obsessed,Random
Everyone name one thing you hate about this app,Random
What will be the price of next iPhone,Technology and Internet
Comment your current battery percentage,Random
Anyone wants to stay connected might delete hunch,Technology and Internet
When are you more active on Hunch,technology and Internet
dont u think hunch k users decrease ho rhe he,Random
If scientists invented a teleportation system but,Random
If you have to choose what will you choose,Random
nan,Random
What is the formula to make a viral poll,Random
Dedicated process resulting in dopamine output,Health and Wellness
Did you see that tweet Mind blown,Random
Hi everyone,Random
When will our AI twin learn,Technology and Internet
Kya aap discord pe ho,Random
Chahe koi bhi platform ho pr Negative Kids sab jagah hote hai Agree,Random
Splendor is also a chapri bike,technology and Internet
nan,Random
Which one,Random
Which phone do you use,technology and Internet
Why,Random
Favourite waffle,Food and Drinks
Aloo Paratha with Ketchup or Curd or Dhaniya Chutney or Chole,Food and Drinks
Choose one,Random
What do you like the most among these,Random
Name a food that you hate and everyone loves,Food and Drinks
A la bin a la ban a la bin bon ban,Music
Lets cook,Random
Do you know There is a coffee brand names bruh,Food and Drinks
nan,Random
Aadmi kitni bottle pikar Down hota hai,Random
Soup ko khate hai ya pite hai,Random
Which brand do u like the most,Fashion and Makeup
Mujhe momos pukare aaja,Food and Drinks
Chai vs Coffee Your goto morning drink,Food and Drinks
If youve lost your kitkat,Food and Drinks
What would you give up Pizza Panipuri or Chocolate,Food and Drinks
Which brands Dark Chocolate do you prefer,Food and Drinks
Which would you rather be a prodigy at cooking or drawing,Random
What you prefer,Random
What do you think is the worst thing to have on pizza,Food and Drinks
best Doritos flavor,Food and Drinks
Childhood thinking Rodding sweet shop and eat all sweet by Self,Food and Drinks
Rasgulla belongs to which state,Random
Which Indian cuisine you love,Food and Drinks
Mosam bahot mast hai koi tea or coffee peena pasand krega mere sath ncr,Food and Drinks
What Food Place Would You Eat at,Food and Drinks
This or that,Random
Ladkiya konsa flavouvr pasand karti haicondom,Dating and Relationships
Do you drink coffee,Food and Drinks
Goto late night snack,Food and Drinks
your favorite Street food,Food and Drinks
Uh Guys agr coffee khtm ho gyi hto Chai se kaam chl jayega na,Food and Drinks
Whats the best way to eat spaghetti,Food and Drinks
Dinner me kya khaya,Food and Drinks
What is your favorite street food,Food and Drinks
Take me to cafe,Food and Drinks
Which one do you choose,Random
Fav soft drink from cococola,Food and Drinks
YOUR MORNINGS START WITH,Random
Kolkata ka famous food,Food and Drinks
Have you eaten anything spicy since morning,Food and Drinks
cofee piyoge,Food and Drinks
Iykyk,Music
Lunch kar liya kya,Random
Indian me sabse zyada kya khaya jata he,Food and Drinks
One thing you cant live without,Random
Girls khana pakana seekho hunch sai kaam nae chalai ga,Random
How about a beer,Food and Drinks
For egg lovers What do you prefer,Food and Drinks
Logs me dieing from bhookh So please batao me what should I eat,Random
I regret eating everything that I ate while being in that walk,Random
Choose ur fev,Random
This or that,Random
whats your favourite ice cream flavour,Food and Drinks
Hajmola kise pasand hai,Random
munch was better than hunch Prove me wrong,Random
Delhi mein best cafe konsa hai affordable bhi hona chahiye student hun,Food and Drinks
Murgi pehle aayi ya anda,Random
Strawberries or me,Random
U know sushi,Food and Drinks
What do you love the most,Random
Ek cup tea Tumne Hume di Humne pii He he he,Food and Drinks
What you watch while eating food,Random
Modak vs Pithe Which one wins the taste test,Food and Drinks
Chandu ke chacha ne chandu ki chahchi ko Chandi chok pe konsi chutney,Movies and TV
Ye Bahut din ke baad Daal raha hu,Random
Would you rather,Random
Ho jaye kuch meetha,Random
Which one is better honestly,Random
one plate of momo a day keeps Dr awayhttpsngllink_puffcornn__,Food and Drinks
Favourite,Random
IcecreamWinter My favourite tell your favourite combos,Random
Whats your favourite khana,Random
Why did the tomato turn red,Random
Which one will you select if you want one for next twenty-four hours,Random
Konsa street food is best,Food and Drinks
Sabhi Log Apni Favourite Mithai Ka Naam Batao,Food and Drinks
Any one for,Random
Best Street food for ya,Food and Drinks
Bread ke sath kya khate ho,Food and Drinks
What excites you more,Random
What is the Rate of pink If you know u know,Random
Kya pilana achha lagta hai,Random
Delhi walo pick your brand,Random
Kitkat is best,Food and Drinks
Do u like,Random
Aao pizza banaye Curst choose karo,Food and Drinks
Yeh Somvar mangalvar maanke khaane peene waalo ka kya scene hota hai,Random
If u had six oranges u take two of them how many oranges u have,Random
Iska food ka kya naam hai,Random
Whats Your favourite chocolate,Food and Drinks
A day out with junk foods or a movie night with popcorn,Food and Drinks
Choose one,Random
Which is your favourite,Random
Do you crave for something salty or sweet the most,Random
What Color is a mango wrong answers only,Random
Your favourite lays style,Food and Drinks
Periods mai mujhe momosMaggipanipuri spicy food ki bhut craving hoti ha,Food and Drinks
Biriyani aur Pulav me fark pta h tumko to maanu k asli foodie ho tum,Food and Drinks
Which is your favourite chocolate brand,Food and Drinks
Write your questions thoughts which you think is neglected by our ppl,Random
Ispe hunch nhi kiya to fail ho jaoge,Random
How do you interpret time part two,Movies and TV
You believe in magic,Random
Its time to forget what you feel and remember what you deserve,Random
Hum dreams sochte kese hai or aate kese hai,Random
"Aaj ki date kis kis ne notice ki twenty-two thousand, one hundred and twenty-four रम",Philosophy and Religion
Do you believe in Conspiracy Theories,Random
Will Israel be benifitted from US President Joe Bidens visit,Random
What would you do if you could live forever,Random
If you had to switch from ur religion which religion would u choose,Philosophy and Religion
Pakistan k baare me aapke ky vichhar hai,Random
Kya ghar me aapki ijjat hai,Random
Is it good to sex before marriage,Dating and Relationships
Worlds fair,Random
The question,Random
What percentage of girls had faced molestation in our society,Law and Order
Life Is Not What We Think Life Is What We Face Good Night,Random
AFTER ARREST OF KAJRIWALDO YOU THINK DICTATORSHIP IS COMING,Random
Jee or upsc,Random
A person who thinks all the day has nothing to think but thoughts,Random
So I recently pulled out some main reasons of Poverty and Hunch did this,Random
How do you like to use an eraser,Random
What will you do if u know tomorrow will be ur last day,Random
Which party won two thousand and twenty-four election in India,Random
अब कई मसलम नह आयग इसक वरध करन य हदओ क hat य करन क,Philosophy and Religion
Who are the true patriots on your timeline,Random
What do you think,Random
Why do I cry when I try to put my point and justify it,Random
Which one makes the better decision,Random
Nhi hoti mehnat ab Ya toh maut aa jayeya five crore rupey,Random
What will be the meaning for life,Random
Is there any topic which is politically neutral in todays world,Random
And I wondered if a memory is something we have or something weve lost,Random
Peace or only Money which one you prefer for your life,Random
What Is Afterlife,Random
The most expensive thing in the world,Random
Your thoughts on opening of RAM mandir,Philosophy and Religion
Is it rude to assume someones gender,Random
Kya purane khayalat ke logo bewakoof hai aaj ke new jeneration ke liye,Random
We need an educated literate secular liberal ruler for diverse India,Random
do you agree LIFE AFTER DEATH,Random
Thought,Random
The life,Music
Dil may dard hone pr kiske pas Jana chahiye,Random
Aap isiliye ladai nhi karte ho kyu ki saamne wala Banda marsakta hai,Random
Who will win,Random
Can someone live forever,Random
Is your time truly wasted if you enjoy wasting it,Random
should i die,Random
What are the troubleissue that u face in your life and u blame it to god,Random
Whats your POV on ISRAEL Or HAMAS war,Random
If you punch yourself in the face and it hurts are you weak or strong,Random
Jayada hassana sahi hai ya Rona,Random
Happy Maha Shivratri guys,Philosophy and Religion
Ram Mandir Whats your favourite ram BhajanSong from following,Philosophy and Religion
How is life going,Random
What do you think about the Feminism,Random
Do you believe in astrology,Philosophy and Religion
Is it okay to be a bich to someone takes ng advantage of autism,health and Wellness
Acha soch soch ke bhi tum hi bure baan jaate ho,Random
Should intercaste marriages be normalized,Dating and Relationships
Ek din ke liye PMPRIME MINISTER ban jao to kya karoge,Random
Rajputo me kya khas baat h,Random
How you want to die,Random
Is it a sin to rewrite the Bible,Philosophy and Religion
mind reading is a power or curse,Random
Mahashivratri day special,Philosophy and Religion
Yeah,Music
Is gender equality followed in India,Random
Agar kabhi Bhagwan aapke saamne aaye to bhagwaan se kya mangoge,Philosophy and Religion
Ahhmmm ahhhmm,Random
Whats the one thing you wish you could change about the world,Random
Are you evil or pretend to be,Random
Do you believe in zodiac signs,Philosophy and Religion
READ THIS,Random
Fuhrer is back,Random
The most effective way to live life is,Random
So whos winning the debate,Random
MY ONE FRIEND OFFER ME TO BE MUSLIM READ DESCRIPTION,Philosophy and Religion
ॐ नम भगवत हनमत नम सबस शकतशल मतर भत परत भगन क,Philosophy and Religion
"Maybe oxygen is slowly killing us it just takes seventy-five thousand, one hundredyrs to fully work",Random
Perfection is the Enemy of Progress,Random
Always think of murder Before suicide,Random
Zindagi ke jine ke rules bato,Random
Kaun kaun Shree Krishna Janmashtami me Vrat rakh rahe hai,Philosophy and Religion
Ram ram sabko,Philosophy and Religion
Believe in astrology,Philosophy and Religion
Is there a any incident which was supernatural for you or something sus,Random
Chose one,Gaming
Is siraj problem for India,Sports
Do you believe in supernatural powers Have you ever experienced any,Random
WHICH IS BEST,Random
Why is society like this,Random
Select your religion,Philosophy and Religion
Koi dost budhiya ke liye bhul jaaye to kya Kare,Random
Eliminate one thing from the world,Random
Are Indians interested in Lucid dreams concept,Random
Who is the reall freedom fighter,Random
If u could time travel,Random
What are your views abt the rise in student suicides,Random
Whats your blood group,Health and Wellness
What do u prefer,Random
Workout at,health and Wellness
How to stop morning sinus nasal irritations,Health and Wellness
How do people overcome their insecuritiesI try alot but somewhr it hits,health and Wellness
your favourite exercise,health and Wellness
Why people take ciggerate,Health and Wellness
Whats your blood type,Health and Wellness
Abhi abhi utha hu Gym jau ya phir rhne du,Health and Wellness
Which one MUSCLE GIRL,Health and Wellness
If u uses antidepressants comments experience,Health and Wellness
blackout honeke side effects got drunk,health and Wellness
Best way to make a jawline,Health and Wellness
how often do you guys smoke wëëd,Random
Be honest how many PIKE PUSHUPS can you do without rest,health and Wellness
have you used Viagra to improve your performance,Health and Wellness
Chocolate kha lo fraaanzzz,Food and Drinks
SOCIAL ANXIETY KAISE DUR KARE,health and Wellness
Dengerous combination of madicine which can easily able in home,Health and Wellness
Lets see how messed up people are,Random
Are you an addict,Random
Kya aap kr rhe ho seventy-fivehard challenge agar haa to kis chij ko chorne k liye,Health and Wellness
Weed is good for mental health,Health and Wellness
Did you bath today,Random
Would you try out any bad habit of the following,Random
is smoking injurious to health,health and Wellness
Subah subah running krke aaya the cut is gonna be insane,health and Wellness
Did people start treating you differently after you started to hit gym,health and Wellness
Why is it called Beauty sleep When you wake up looking like a hot mess,Health and Wellness
Ab mere daanto me dard ho Rahi h,Health and Wellness
Yaha par aake kuch gain hua hai,Random
How to stop overthinking,Health and Wellness
Is it okay to masturbate almost daily For both men and womenhealth wise,health and Wellness
Which would you rather fix first,Random
Ever experience Sleeping paralysis,Health and Wellness
Do you snore,health and Wellness
Do you sniff your own underarms Do you like the smell of your pits,Health and Wellness
Bimari meh muth marna kese hota hai,health and Wellness
Subhe subhe hi periods aa gye,Health and Wellness
Free workshopzero charge for positive thinking and to cure overthinking,Health and Wellness
Thinking Of Starting A Hunch Therapy Session To Help and Understand Ppl,Health and Wellness
three din s fever ho rha hai office mai shuti ni deta n koi Kam Hota ni,Health and Wellness
Have u ever suffered from,health and Wellness
kya apke toothpaste me namak hai,Random
Does pseudoscience really kill patients,Health and Wellness
Dont forget to eat well and exercise,Health and Wellness
Who thinks being obese is not a good thing,Health and Wellness
Do you keep sanitizer,Health and Wellness
I just wanna be alonefor some time,Health and Wellness
Is it okay to go through castration just to stop the urge to masturbate,Health and Wellness
What does men like most,Random
Whats your blood group,Health and Wellness
Have u ever felt like dyingwhy,Random
What is the healthy frequency for masturbation,Health and Wellness
What three things drain your energy and what three gives you energy,Health and Wellness
Jee clear na hone par kay kare,Random
what your blood group,Health and Wellness
Who has natural physic,Health and Wellness
I am here to help people fighting theur bad habits or addiction,Health and Wellness
Are you a gym lover,Health and Wellness
seventy-five hard se kuch farak padta hai shareer per,Health and Wellness
My friends keep getting cuts should I bring plasters,Health and Wellness
Watched manjummel boys and i have height fear and now scared Anyone help,Movies and TV
Your favourite muscle to train more,Health and Wellness
How to deal with loneliness,Health and Wellness
What type of thoughts you are thinking the most,Health and Wellness
Something you wish you could spend more time on,Random
How many hours do you guys sleep,Random
Have you ever donated blood,health and Wellness
Whos high wit me,Random
Kya apke toothpaste me namak hai,Random
smoking Lmkic,Health and Wellness
How many Squats without weights you can do maximum without resting,Health and Wellness
New year new protine new bcaa New pre workout,Health and Wellness
Does getting a womb tattoo hurt I want to get a succubus tattoo lol,fashion and Makeup
Kya tumko kabz ha,Health and Wellness
How do u guys take care of your mental health,Health and Wellness
MENTION OF SELF HARM People who struggle can you possibly help me,Health and Wellness
Go to sleep Final warning Bed is ready,Health and Wellness
Had u ever wish for self harm,Health and Wellness
What are your interests on Hunch Comment below,Random
Which ASMR video is your addiction,Random
nan,Random
Felling heavenly good lmkic your thoughts and ratings abt my cuts,Random
Weight loss or weight gain hogaya,health and Wellness
Tell me the easiest way to cool the body in this hot summer,Random
Home remedies skincare or paise phukna psnd krte,Random
How to remove suicidal thoughts,Health and Wellness
being depressed for a long time you decide to cut all people off from,health and Wellness
Ever got allergy,Health and Wellness
Chetan Clinic ko kon kon janta hai,Random
How do you loose love handles,Health and Wellness
How much m,Random
Are u feeling,Random
Do you think everyone should go to therapy,health and Wellness
Cheapest way to hit protein goals,Health and Wellness
Have you ever tasted breast milk after getting older,Random
Hey wanted to know if anyone is feeling low can talk and feel better,Health and Wellness
Pop Quiz Part four What happens if you put pure water into an IV,Health and Wellness
Ladkon se mere question hai Aap logon ko kon se super bike favourite hai,technology and Internet
Rohit sharma play the reverse sweep against which team,Sports
England seven hundred and sixty after eleven overs Itna ko marta hai be test match mai,Sports
Hit man,Movies and TV
Tumhe Cricket ki kasam Hardik ya shivam dube Itihas gawa he sach,Sports
KKRvsSRH Kaun jeetega Kya SRH two hundred and nine run Chase kar legi,Sports
Kya SRH vs KKR match fixed,Sports
Jis trah se starting hui hai kya lgta hai kon jeetega aaj,Sports
Will virat kohli score century in second innings indvssa,Sports
Audi Rssix,Technology and Internet
Whose gonna win the world cup final,Sports
Ronaldo is better than Messi,Sports
Are You watching IND VS ENG Test Match,Sports
Lets settle this who is the GOAT,Sports
Virat kohli k friend,Sports
What sport do you prefer to watch,Sports
Which team you like in IPL,Sports
Any competitive aspirations here,Random
Better,Random
Whos the riyal GOAT one Maushi two Krishna Ronaldo,Sports
Unpopular opinion Im not interest in cricket much,Sports
Delete any two Mine Football weed,Sports
aj ka match dekhkr kya lg rha hai kon jitega,Sports
Are most Gujaratis too busy for cricket because of NIFTY expiry,Sports
I want a football friend to talk with anyone,Sports
whats your go to sport,Sports
Mahi can never miss the stumps,Random
INDIA VS AUSTRALIA who won the final Whats ur prediction,Sports
World Cup ki haar se move on hogaya kya,Sports
Sher Aaj cricket tournament khelne ja rha h,Sports
Aaj kaun taudega aus ko,Sports
WHO is GOAT,sports
Mr three hundred and sixty,Sports
Should the WC final match between India and Australia played again,Sports
Whats an Olympic sport that doesnt exist but should,Sports
MCGREGOR OR KHABIB,Sports
BETTER IPL FINAL,Sports
Who will win IPL twoktwenty-four,Sports
Are you exited for ipl auction,Sports
Kon jeetega,Sports
Agya gym bkl,Health and Wellness
Under four hundredcc which motorcycle will you choice,Technology and Internet
Who is your favourite cricket player,Sports
Who was the quarterbacker name,Sports
Is six ft one enough for a fast bowler at international level,Sports
Can you swim,Sports
Best case Superbowl matchups pick one,Sports
Who is the GOAT,Sports
You drive,Random
India vs England ka pehle Test Match koun jeetega,Sports
Which fev cricketer,Sports
Who will win today,Sports
Who do you think is gonna win todays match,Sports
Abki trophy kon le jayega,Sports
GUYS WHO IS YOUR FAVOURITE INDIAN CRICKETER,Sports
Favorite ipl team,Sports
Watched Todays MatchCSK vs GT How was it,Sports
Do you always stand up for the national anthem,Music
Which sport is best,Sports
World test championship final will be between,Sports
India jeet gyiii,Sports
Fone pollYour rating on Japanese grand prix,Sports
Favourite Supercar,Random
How many wickets in cricket you taken your life,Sports
Who will win the World Cup,Sports
Yo Kon kon cricket dekhta hai Roz Mai nhi dekhta,Sports
Who will win today IPL,Sports
Ntorq vs ns drag race Who win,Sports
Will he stop scoring,Sports
Which team will win this IPL,Sports
The sportsperson of the century,Sports
MI Vs CSK,Sports
Who is better in terms of complete football,Sports
Best Cricket meme in two thousand and twenty-three which made you ROFL,Sports
Will you suit up tomorrow to support the BC basketball team,Sports
When vacation hits all time cricket sports that feeling was best,Sports
Will India be able to win it from here,Sports
GOAT of Indian cricket team according to you,Sports
Which team you support in this IPL,Sports
Fans roast Englands captain Ben Stokes,Sports
Lets end the debate between Cristiano Ronaldo and Lionel Messi for GOAT,Sports
Your favourite cricketer,Sports
Whos Most valuable player for ICT,Sports
GOAT sportsperson of all time,Sports
India World Cup Harr Gyi Better Luck Next Time Your Fav Player,Sports
Which is your fav Crossover this year Comment your dream Collab,Sports
Gujarat Titans will again win IPL two thousand and twenty-three What do you think,Sports
WHAT IS THE BEST SPORT ANIME,Anime
Rohit Sharma are playing next ICC World Cup,Sports
Boxing girls should be,Sports
Your favourite IPL team,Sports
IPL which team do u support,Sports
Guys what you like riding or driving,Sports
Iss baar ipl kon jeetega,Sports
Who is goat,Sports
Guys who are Ms Dhoni fans can follow me,Random
Iss baar ka two thousand and twenty-three ka world cup kon jeetega,Sports
GOAT,Sports
Which IPL team is u r favourite team,Sports
Bachpan mein zyada kya khela hai Part one,Sports
If the world ends,Random
Your Favourite anime,Anime
nan,Random
Fav anime,Anime
Which One is Your Favourite Isekai Anime and Why LMKIC,Anime
Jaw Titan banna chahiye tha,Anime
Which anime is best,Anime
Whats the best anime here in your opinion,Anime
I wanna watch more anime so like I need sum recommendationsD,Anime
Who is strongest,Anime
Remove on anime from existence,Anime
guys anime dekh ne hai or samaja nahi aa rha kya dekhu,Anime
what is the best anime,Anime
ZORO or SANJI,Anime
Best new Animes,Anime
Which ones better,Anime
Give me some isekai anime recommendation,Anime
Whose sword is this,Anime
Do you guys watch anime,Anime
WHICH ONE DO YOU PREFER,Anime
Choose one,Random
Anime poll what if madara won the great ninja war,Anime
Lets find out what our people love,Anime
Choose one,Random
Hi,Random
Who got more rejection,Random
Do you Simp over anime girls,Anime
Tuntun mausi Anime gurlz,Anime
Fav anime,Anime
I you know this cartoon,Anime
nan,Random
Ever find a great anime on insta reels that you r now watching,Anime
Your favourite one piece character,Anime
apka fvrt cartoon knsa hai,Anime
Best anime animations,Anime
What If mahito already understood what kenjaku was trying will he help,Anime
Do you support eren Yeager,Anime
ANIME,Anime
Lets settle this,Random
Impression on anime,Anime
Creating anime group Follow me and I will goss with link,Anime
What do you think who is more stronger Satoru Gojou or Sukuna,Anime
Hey Angel A happiest birthday to u Mitsuri,Anime
Ending of Which Character made you sad,Anime
Hi,technology and Internet
Would you prefer to kiss your anime or die yourself,Anime
Nty doraemon,Anime
Girls who watch anime Kha ho tumm,Anime
Comment down One anime that you are die hard fan of,Anime
Animee dekhna chahiye ki nhi,Anime
Ye shinchab itna acha cartoon kyu hai,Anime
This is for Anime fans,Anime
Which anime is best according to you,Anime
question for girls Who is your fav male anime character,Anime
who is your fav anime waifu,Anime
DO GIRLS WATCH ANIME AND WHERE ARE THEY,Anime
Okie Thali,Food and Drinks
Favourite cartoon,Movies and TV
What the fuck,Movies and TV
Whats Your Favourite Anime,Anime
Which is your favorite side character,Anime
Any anime character you wanna revive,Anime
Wushang clan wale hai kya idhar,Music
WHO IS GOD IN THE SERIES OF ONE PUNCH MAN,Movies and TV
irfan,Random
Who is best,Random
nan,Technology and Internet
Kisi ko mera insta gc join karna h Doremon ki toli,Random
Ywuwu,Random
Which one is your favorite arc in one piece anime Part three,Anime
Kya yaha sab log anime dekhne Wale hain,anime
Im new at hunch idk whats going on here,Technology and Internet
what do you like more,Random
Who oiled up jjk character would you taking,anime
Who is the most attractive anime characters,Anime
It not what you think it is,Random
Koi suggestions hain aap logo k passSAOserious answer only,Random
Who is ur fav in death note anime,Movies and TV
What do you like to do in your free time,Random
Solo leveling dekh liya,Movies and TV
Konsa anime genre kabhi nahi dekhungadekhungi,Anime
Anime fans,Anime
Who can defeat GokuDragon Ball,anime
Which anime you most like,anime
Any weeb out here,anime
What you watch again and again,Movies and TV
They made a man based on anime character,anime
Log anime or sex position ke alawa or polls kyu nhi bnate,Random
I bet u cant comment a slice of life anime which I havent watched yet,anime
Kuuu,Music
Pick any Character from A to I ABCDEFGHI,Anime
Suggest me the best short Anime you watched,anime
Cars rhne do Anime fr se continue krte h kya bolti public Anime,anime
OR BOLO KONSA CHARACTER PASAND HE TUME JJK,anime
Whats your favourite anime,Anime
nyaichi ni sannyaarigatōnyaichi ni sannyaarigatō,Random
Gian hain aap,anime
Favourite anime right now,anime
Who is your favourite anime character,Anime
Aur Corporate ka Majduro Salary Credit hogai PS Meri Aaj hogi,Finance
If u have enough money to survive and fulfill ur dreams then will do job,Finance
Guyz Anuradha is Hiring Wanna Join her Team,Finance
Your are,Random
Last create group of businessmansentrepreneuron huncha well discuss,Finance
What you do after earning money How you save krte ya kha udate panchat,Finance
avi tumhare bank acc me kitna dhan hai,Finance
Wanna make some money,Finance
What will you do if u get millions of dollars,Finance
nine SAAL HO GYE KYA KISI K BANK ACCOUNT ME fifteenlakh aye,Finance
Job is important or the money you have,Finance
Hunch bhi premium start kr diya,Technology and Internet
Whats the future of wBTC and Solana,Finance
How are elections going to impact stock markets,Finance
Will you work as a cleaner for tenthousand rupees a month,Finance
Has anyone tried luring you into a MLM pyramid scheme,Finance
Has any one of you ever struggled to make ends meet,Finance
If you were granted one wish what would it be,Random
What would you prefer investing in,Finance
Kya trading krne se paisa kamaya jaata hai,Finance
Anyone have experience in crypto currency its good experience or badmm,Finance
Kya purchase karna pasand karta ho option stock mei,Finance
Hurrey onek Vibe ab poll dalne pe paise milna chalu hojayega kya,Finance
Hey guys sabke account me paise send karta hu apna ac number do,Finance
If you have one million what would you do,Finance
Earn dailt twok to fivek goverment approved job Affliate marketing,Finance
Hunch walokoi stocks me h to kuch buy kiya kya aajya waiting for,Finance
Ek din mein Paisa kaise kamaye Koi secrets share kardo,Finance
Best app for trading or money earning appsmplwinzo with less risk,Finance
Money is,Finance
fifteen din me paisa double scheme koun si hai,Finance
Sach Sach batana share market me option trading me kabhi profit Hoya h,Finance
Want a job,Finance
Do you think stocks are manipulated in stock markets,Finance
Balance sheet kyu nhi tally ho rahi bey,Finance
Apke account me kitne paise he aj ki date me,Finance
Your dreams,Random
Ask me anything Bank detail maat puchna,Finance
Paisa Kmaanaa Hai Social Media Se,Finance
What is the minimum amount of money that could solve all your problems,Finance
Online paisa kamana he to telegram par aajao roz tricks description dekho,Finance
What do you all think about affiliate marketing as a career Good option,Finance
How you will pay one lakh with no income,Finance
What plans do you have to make crazy money in summer,Finance
M alpha bngya hu sabh toffee lelo,Random
Are you ready to turn from no money to buy to dont know what to buy,Finance
Srsly tell me abhi apk account me bache paise se Kahan travel kar skte ho,Travel and Geography
Are you SMART,Random
Which Higher degree more demand,Random
Whats the first thing youd do if u won a lottery,Finance
Why do people even want to be rich,Finance
As a baiya Bussiness sahi rhega kya Job chhor k,Finance
one MILLION DOLLAR or one thousand SHARES OF APPLE,Finance
Will you prefer to die or live if you earn onek per month,Finance
Would you take one million dollars to live for just a month,Finance
How broke was he when he wrote,Random
If you also want to earn money sitting at home then contact me,Finance
Apke pass galti se aa jate nine thousand crore aap kya karte us time paiso ka,Finance
Real Estate mai kisi ne kaam kiha realestate,Random
So you want to start a own businessOn wanna do job,Finance
Commerce Wale apna favourite subject bataye,Random
Are you looking for a source of income,Finance
Paise chahiye dher sare par kaam nahi karna jaldi paise kaise aye,Finance
Which field has the most money,Finance
KAUNSE SECTOR MEIN JYADA PRESSURE HAI,Finance
If you get one million dollar somehow what you will do with that money,Finance
Mein jarha hu gaadi ke saamne kudke seven lakh lene,Finance
Ye bkl bank walo ko raat me bhi chain nhi,Finance
Important question Whats yur bank balance recentlywhere u spent it,Finance
Online earning k liye suggest krdo guys,Finance
Does your any friend rich,Finance
Tu hai toh mujhe phir aur kon chaiye,Random
How Many Money In Your Bank Account Sharmana mat sach sach batana,Finance
Why do you want to be successful and wealthy in life,Finance
Indias financial inclusion Impact or Popularity,Finance
Do you like,Random
Bank me balance ho to life bhi Balance ho jati hai,Random
My frnd promote gambling app and earn lots of I feel demotivate,Finance
Is it ok to to be rich and happy at the same time,Random
Will you give me oners,Finance
Lets see,Random
Does hunch pay you at a certain level,Technology and Internet
Whats the biggest challenge faced by Gen Z,Random
Anyone here saving money,Finance
I have threecr with me Suggest me what to do With it for making good income,Finance
सब कछ छड पस कमओ link पर दबओ,Finance
Paise bananey ka smart tarika suggest karo guyzz,Finance
Itna Networking karo ke,Random
Jisi ko work ki jarurat hai to contact karo,Finance
Abhi mere Bank me sixty-five lakh crore pade hai,Finance
Howd you see the next fouryears of India as a developing country,Finance
If salary not crdited untill fiveth day what you feel,Finance
Chlo mujhe hunch premium lekr do,Technology and Internet
Tum apne ap ko five year bad kaha dekhte ho,Finance
Did they taught you Financial Management in school,Finance
Cryptocurrency safe hai,Finance
Guys kisi ko paisa kamana ho toh btana minimum invest five hundred,Finance
What worries you the most about the future,Finance
Agar Kisi ko Mujhse Paise ki Dakaar Ho To Sharma Lena Maangna mat,Finance
Do you guys know Once in the past I got arrested because,Law and Order
Have you ever broken the law,Law and Order
Your parent is in jail because they hit your other parent You think,Law and Order
Naidu family case Andhra Pradesh,Law and Order
If you ever get arrested what it would be for,Law and Order
Major cities should have their own separate laws then the state they are,Law and Order
Have you ever as a kid tried to find child porn,Law and Order
Should I go in corporate or be a practicing lawyer,Finance
Should the parents of Ethan Crumbley be criminally charged,Law and Order
Does the Aam Aadmi Party have a role in the Delhi Liquor Policy scandal,Law and Order
What should be the ideal punishment for rapists,Law and Order
Which field have deep,Finance
Most Dedicated officer,Law and Order
Aapka ja agar mms leak ho jai toh aap kaise handle kro ge,Law and Order
how dark you go if someone if someone hurt your pride,Law and Order
Im bit confused when it comes to choosing a subject for my Masters HELP,Random
What would u do if u found a deadbody in a hotel room,Law and Order
Shibli sadik hriday murder cases how many of you know this story,Law and Order
Lawyer Check Youre responsible to defend one of them Who is it,Law and Order
Ab sab ko track down krke unke skirtpant uthake check kisne kia,Law and Order
If u see a Kerin being disrespectful to a Walmart staff would your,Law and Order
Whats your dream career,Random
Which one is the worst crime in India,Law and Order
Hands up or jo bhi tumhare pass h sab dedo,Law and Order
How prepared are you if someone fights with you right away after seeing u,Law and Order
I bet someone on hunch is gonna do some crime in coming days and we,Law and Order
If forthirty days killings are legal but you cant kill your relative in that,Law and Order
Two thirteen yo kid raped one twelve yo girl Whos responsible for this,Law and Order
fourteen yr old traded nudes with a thirty yr old is the fourteen year old a bad person,Law and Order
Bhai log Is bande ko report maaro MashhoorIntellect,Law and Order
Is Maharashtras justice delayed or justice denied,Law and Order
What would you do if you found a dead body,Law and Order
guys report this heavyfucked as he is using abusive language u,Law and Order
Guys please select the government very carefully or else hers the result,Law and Order
Imagine you are IPS officer and what do you do,Law and Order
Jhatmurder karna hai,Law and Order
Should it be illegal to fire someone because they have an Onlyfans,Law and Order
Who would win in a fight,Random
Whom you will be given way to reach destination first,Random
What do you do if you found a dead body in your bedroom,Law and Order
How will u kill urself as a student,Law and Order
REPORT THIS USER ASAP GUYS,Law and Order
Why Do i like child porn,Random
U R a train driver and suddenly u saw TT showed u a RED FLAG WYWD,Law and Order
What would you do if you found a dead body in a hotel room,Law and Order
After criminal charges at a homeless shelter would you,Law and Order
Do you consider seventeen year olds having sex illegal,Law and Order
Agar ek rajisthani apni biwi ko marega toh use kya bolenge,Law and Order
Man goes to library ask for book on suicide The librarian says,Law and Order
a man get advantage of his previous rape on girl to do it again,Law and Order
Do you have Voter Id card to vote and elect our representative,Law and Order
Kya khasisani k murders ma lawerance and goldy barar ka hath ho skta ha,Law and Order
Have you ever been touch inaptly in public transport,Law and Order
If you were to commit a hiest what you will target,Law and Order
What would you do if you found a dead body in a hotel room,Law and Order
Best place to sūiide with,Law and Order
Kabhi police station ke chakkar katne pade he,Law and Order
Kya savdhan india dekh kr koi savdhan hua hai abhi tk ya or crime bdh ry,Law and Order
online for is done to him AastinkaSaanp he is cyber bulling a girl,Law and Order
What do you think about this new law and orders against the boys,Law and Order
What would you do if you found a dead body in a hotel room,Law and Order
Best way to murder and get away with it,Law and Order
What is your goal,Random
No negotiating with criminals Murder the murderers,Law and Order
Kya karein jab wo late reply de,Random
Which crime haunts you,Law and Order
If u could kill someone and get away with it who would u kill,Law and Order
What would you do if you found a dead body in a hotel room,Law and Order
Prostitution is legal in India,Law and Order
Which car you choose for escape police around you,Law and Order
Thoughts on Attack on Indian parliament Today,Law and Order
Where to find prostitute in Delhi without getting robbedFor research,Law and Order
Terrorists Have Captured You Only Way They are Going To Let You Live,Law and Order
What will you do if u find a dead body in a hotel room,Law and Order
RentedGasp uploading child pórn images on Hunch Filing a case ASAP,Law and Order
Bros what are the best ways to kill someone without any trace,Law and Order
What would you do if you found a dead body in a hotel room,Law and Order
what are you preparing for,Random
What would you do if you found dead body in hotel room,Law and Order
Sabse bada kya hai,Random
Truck drivers launch protest across India,Law and Order
What is the biggest crime according to you,Law and Order
Dead body in your hotel room What do you do,Law and Order
Have you done anything illegal,Law and Order
Dark_Reality report this random dude reason look at the image,Law and Order
What should be the fate for most nonviolent criminals,Law and Order
Every School Principal On Mic Baccho mai apki sirf two min lunga,Random
Someone approaches you in an alley with a knife What do you do,Law and Order
If you get a chance to do sexting with a minor Will you,Random
Report them immediately StillBlink,Law and Order
Have you been to prison,Law and Order
What would you do if you found a dead body in a hotel room,Law and Order
I swear the person writing the comment was a bully who filed fake SHcases,Random
"How to dump the body now Btw thanks Aman_one thousand, two hundred and ninety-nine for your advice worked",Law and Order
Men shouldnt be allowed to live,Random
Is this terror case with Chinese links really a big deal,Law and Order
What would you do if you found a dead body in a hotel room,Law and Order
The sale of MarijuanaGanjaa is strictly regulated to,Law and Order
Should lifetime Alimony Exist,Law and Order
"Some People Like Sunshinebabysix thousand, one hundred and sixWho threatens People In Their Goss",Random
two cats,Technology and Internet
Do u like being chased by dogs,Random
are you a cat person or a dog person,Pets and Animals
Ask me a question,Random
Apke pas konsa pet h,Pets and Animals
Choose one,Random
Chameleon,Pets and Animals
I give you cat meme you give me cat meme,Pets and Animals
Which animal would you opt for as a pet,Pets and Animals
Ayo what happened to my cat,Pets and Animals
Why do mice make bad comedians Their jokes are really cheesy,Random
the best monkey,Pets and Animals
If you had to what animal would you pet right now,Pets and Animals
Pet or pass,Pets and Animals
When you get asked cats or dogs,Pets and Animals
There are seven hundred million dogs on earth but youre my favourite,Pets and Animals
Quick poll cat or dog,Pets and Animals
Machli ko pani Ney rehne ke baad v pyash lagti hey kya,Pets and Animals
Yha koi janwar h,Pets and Animals
Guess the name of the girl,Random
octopus,Pets and Animals
Kabhi kutte dog piche pade haiShare your own story with us,Pets and Animals
Should I watch animal or not,Pets and Animals
Who is the best partner,Random
Should all furrys be made fun of Whats the best option to do,Pets and Animals
Guess the animal,Pets and Animals
Mere paas bhi ek billa tha sala dhokha deke bhaag gaya,Pets and Animals
If animals could talk which would be the rudest and why,Pets and Animals
Animal two Ani chahiye,Pets and Animals
Is it just me or can cats talk,Pets and Animals
Yeh kya ha,Random
Anyone who hates pets,Pets and Animals
Im kinda weird I skate and listen to music all day I have two ducks hmu,Pets and Animals
Konsi machali fish ka pet sir head me hota hai,Pets and Animals
KITTY APPRECIATION,Pets and Animals
Which is better dog or cat,Pets and Animals
Animal movie kon kon dekne jayega,Movies and TV
What if we could communicate with animals,Pets and Animals
Would you adopt a bird like mine,Pets and Animals
Do you have a pet Can you share some of the fun stories of your pet,Pets and Animals
nan,Pets and Animals
Which one is the cutest,Random
Would you rather,Random
Help with my puppy,Pets and Animals
Cat vs dogs,Pets and Animals
Cat or dog,Pets and Animals
I rescued this bird today what should i name her,Pets and Animals
If you are a cat loveryou should see my twond last poll,Pets and Animals
Are youa,Random
Better,Random
Are you a cat person or dog person or just aa animal lovers,Pets and Animals
Pets with human names yay or nay,Pets and Animals
Any animal u think u can beat in onevone,Pets and Animals
Your favourite animal name for comment,Pets and Animals
Favorite pet animal,Pets and Animals
Cats or dogs,Pets and Animals
Do fish have a thirst for water,Pets and Animals
are you a cat person or a dog person,Pets and Animals
Kya tumne batak ko Miss Kiya,Pets and Animals
Would you rather,Random
How many dogs life is one human worth,Pets and Animals
Which kinda person are you,Random
Which kind of a person are you,Random
Animal movie dekhne layak hai,Movies and TV
This app is pretty weird So many cats and I would like to poison all,Pets and Animals
Cats vs dogs which are you choosing,Pets and Animals
Which is cuter,Random
Would You Kill Your Petloved one To Save Yourself,Random
Moms favourite weapon,Random
Is it really weird if I name my dog kaddu,Pets and Animals
Ye chidiya hai ya murgi,Pets and Animals
Im obsessed with cats Are you cat person or dog person,Pets and Animals
What will you choose,Random
Would you ratherWant a dog as your petORA cat as your pet,Pets and Animals
Bears or Wolves,Pets and Animals
When faced with a spider do you,Pets and Animals
Animal is top class,Pets and Animals
Doum enough to found it cute,Random
Whats your spirit animal And why,Pets and Animals
Are you a furry,Pets and Animals
Should I give my cat catnip,Pets and Animals
Would you keep this cat even though hes an asshole,Pets and Animals
Name something that is scary at three am but normal at three pm,Pets and Animals
What is your favourite animal,Pets and Animals
Have you ever killed an animal,Pets and Animals
Animal movie kaisi lagi guys,Movies and TV
Is there a duck spying on me,Pets and Animals
Sabse jyada dar kisase lagta hai,Random
Which imaginary creature would make the best pet,Pets and Animals
Cat person ki dog person,Pets and Animals
Bhai garmi toh sehe lunga par ye chipkaliyo ko kese sahu,Pets and Animals
Thumhare ghar mae newspaper kon padtha hae,Random
Dog and cat,Pets and Animals
Which is your favourite pet animal,Pets and Animals
Aaj sher ne animal movie dhek le,Movies and TV
gargamel my sister and friends pet rat,Pets and Animals
Animal became absurd after interval till the end fight,Movies and TV
What is the of my pet,Pets and Animals
which one is you like,Random
Agr hum sab delulu mein jee rhe tho asli life kon jee rha hai bhyii,Random
What will u choose,Random
How is my nail art I did it is it looking good,Fashion and Makeup
Comment your favourite aesthetic emojis,Random
Is doing makeup enhance the beauty or make clown,Fashion and Makeup
Which of these is the best haircutstyle,Fashion and Makeup
Do girl look most beautiful in saree,Fashion and Makeup
Ajkal shoes JUTE ki value insaan se jayada nehi ho gyi,Fashion and Makeup
What abt guys having earpiercing,Fashion and Makeup
Curves,Random
One only piece,Random
Girls Do you have Normal or Long FingerNails,Fashion and Makeup
Are streetwear brands like Jaywalking and Almost Gods highly overpriced,Fashion and Makeup
Suit m kese lag rahi h ye,Fashion and Makeup
In which girls look more beautiful,Fashion and Makeup
Should I get my ears pierced,Fashion and Makeup
Which pic should I post,Random
Do u think it is necessary for girls to were makeup to look pretty,Fashion and Makeup
Hows the fit,Health and Wellness
how would you like to see a girl dressed for a partyget togetherevent,Fashion and Makeup
Whats your favorite clothes STORE,Fashion and Makeup
Finding my style was so hard because i wear sweatpantsshirts ninety of time,Fashion and Makeup
Is it good if girls wear saree like this,Fashion and Makeup
Spiderman hoddie pe twok worth h kya,Fashion and Makeup
Shoes pref,Fashion and Makeup
A Gym guy with no fashion OR B Good fashion but lean guy,Random
Guys look better in,Fashion and Makeup
What do you like to wear most,Fashion and Makeup
I love their dresses,Fashion and Makeup
Whats The Best Outfit Options Styles And Colours For Photoshoots,Fashion and Makeup
What clothes looks best on a girl,Fashion and Makeup
Gold suit karta hai ladko ko,Fashion and Makeup
do you also think wearing short clothes make you stylish for girls,Fashion and Makeup
Girl wear saree with ghumka juda and bindi Wht wll be u r reaction,Fashion and Makeup
What do you prefer,Random
All girls are beautiful but kher,Random
Is it tomboy style,Fashion and Makeup
What are you waiting for Lick and make my heels shine,Random
From where to buy Oversized Tshirts with great graphics and hoodies,Fashion and Makeup
Skechers,Fashion and Makeup
Loose hair,Fashion and Makeup
GirlsWhich one are u fashion,Random
Your favourite colour,Random
nan,Random
fit that inwore to school today ig,Fashion and Makeup
Bro is dripped from head to,Random
how to dress in gfs brothers wedding,Fashion and Makeup
Jo acchi Lage choose kr le bhai,Random
best color,Random
In what colour outfit do girls slay in apart from black,Fashion and Makeup
Which outfit suits me,Fashion and Makeup
Is wearing saarees at night are comfortable,Fashion and Makeup
agar pahele hatho me mehendi laga li to ab pairo me kaise lagaya jaaye,Fashion and Makeup
Which hairstyle suits best on me,Fashion and Makeup
What kind of clothes look good on girls,Fashion and Makeup
Vote the beauty,Random
If you are to choose clothes for your dress what would that be,Fashion and Makeup
Front look in another saree,Fashion and Makeup
Is Ear And Nose Piercing On A Guy Looks Feminine Or Make Them G_y,Fashion and Makeup
Only girls survey,Random
Choose an earrings,Fashion and Makeup
How do I look in this picture,Random
Which style do you prefer the most,Random
Do you like bows,Random
Ethnic day pe kya pehenna best,Fashion and Makeup
What is your favourite colour when it comes to dressing and why,Fashion and Makeup
Which pose,Random
Do indian Girls look pretty in indian ethnic or western clothes,Fashion and Makeup
Aaj sher manicure karega,Fashion and Makeup
A overhyped brand,Random
Which thing u notice the first in a person,Random
Any one like this type of girls hair cut,Fashion and Makeup
Which is your fav pick,Random
My Christmas outfit,Fashion and Makeup
Which one for tomorrow,Random
Most embarrassing childhood fashion trend,Fashion and Makeup
Which earrings should I wear,Fashion and Makeup
Does clothing matter,Fashion and Makeup
What do you think who should wear pink colour,Fashion and Makeup
so Hows m looking in clothes,Fashion and Makeup
Best nail polish combination,Fashion and Makeup
Rate this saree,Fashion and Makeup
Which suit looks good on me,Random
Ladkiya Sundar nahi hota hay Make up achcha hota hay,Fashion and Makeup
What suits more on me,Random
Ladkiko gift dena ho to kya best rahega,Random
Lehnga is better or saree for diwali,Fashion and Makeup
Outfit sahi h ya body,Fashion and Makeup
Boys looks good in clean shave or with beard and moustache or others,Fashion and Makeup
A well dressed person or casually dressed person,Fashion and Makeup
On demand its_tanya has launched public insta acc gorgeoustanyaone,Random
Just an average northeast Indian girl without any makeup,Random
Which colour watch you have or like to have one,Fashion and Makeup
WHICH FAV COLOUR CHOOSE one,Random
Question IsSo beautiful So elegant just looking like a Wow,Random
Do you have enough clothes,Fashion and Makeup
Favorite lingerie brands,Fashion and Makeup
Girls looking good in makeup or without makeup,Fashion and Makeup
What suits her better,Random
Suggest some trendy clothing tips,Fashion and Makeup
Girls whats your favourite expensive brand,Fashion and Makeup
Does anybody here know abt omori,Gaming
Favourite Youtube Channel,Technology and Internet
Gamers Assemble Lemme know what you play Maybe we can Duo hmmm,Gaming
Bgmi gems kesi he khelna chahiye yaa nahi,Gaming
GTA six ke liye Chanda krlo bhai,Gaming
Download CollegeBrawlAndroid apk and thanks me later,Gaming
You check the hunch flair,Technology and Internet
Pokémon Day two thousand and twenty-four is here Celebrate with Scarlet VIOLETE UNITE GO,Gaming
Your favourite game,Gaming
Asus Rog Phone eight Mein Ludo Khelne ga Ghamand hai,Gaming
Whats your favorite roblox genre,Gaming
Need for Speed most wanted game kesi hai,Gaming
Which game have better physics,Gaming
DESTROYED IN SECONDS,Random
Mr hunch tunament start comeing soon six particepent Winner one,Technology and Internet
Koi eFootball wala hai kya,Gaming
Best Roster from youtube,Technology and Internet
Are u good at chess,Gaming
Is it okay to add me on twitch StoniBaloney,Technology and Internet
"How many of you play BGMI here is my Id fifty-five billion, six hundred and fifty-five million, three hundred and three thousand, seven hundred and sixty-seven",Gaming
Who was Ezio Auditore De Firenze Assassins Creed fans,Gaming
Looking for female VALORANT players if interested hunchhhhh xD,Gaming
Free fire or pubg,Gaming
What would you rather do in your free time,Random
Whxih is best,Random
What console do you play,Gaming
TRASH TALK POLL,Random
Concole or Pc If concole which one,Gaming
Bored ngl khele,Random
Is valorant turning into a more gay game after introducing Clove,Gaming
Whats your thoughts on otomedating sims,Gaming
How much do you play video games,Gaming
Pubg ya free fire,Gaming
Any up to try,Random
Is bar kon kon neet crack karaga,Random
Who would win a Pokémon vs Beyblade battle,Gaming
Everyone leave your Free Fire uid in comment box,Gaming
WHO LOVES CLASH OF CLANS MENTION YOUR TH AND FAV STRATEGY,Gaming
Can you guys recommend games that I should play on Roblox,Gaming
Bro won but at what cost,Random
Which gaming system is better,Gaming
Aajao friendshttpsdiscordcominviteksevenSfDthreeCtwo,Technology and Internet
On what platformsdo you Play video games,Gaming
Whos the best singer in all of pokemon,Gaming
Open challenge fr girls Lets play chess,Gaming
What is your favorite Smash Bros game,Gaming
Which game are you currently playing,Gaming
nan,Technology and Internet
If you could pick a game to live init would be,Gaming
Whats your fav game out of these,gaming
Anyone adult game lover come to goos,Gaming
Are you surprised that I finally reached Legendary in CODM,Gaming
I know to solve threebythree fourbyfour fivebyfive and four more,Gaming
TRMK or Big Boss,Movies and TV
Lets play a game Read descriptions,Gaming
Gaming pc liya hai toh kuch badass games batao yaar jo khel saku,Gaming
GAME,Gaming
What do I get,Random
Anyone here playing games on Plato,Gaming
Lets play a game,Gaming
Chalo ak game khalta hain unknown person ko tag karo or o comment karanga,Random
Lets see yahan par kitane log hain,Random
How many of u knows to solve color cube,Gaming
What is the best video game out of these options,Gaming
Fav shark kon,Movies and TV
GC,Random
Your physical video game collection is mostly,Gaming
I beat my friend seventy-two,Gaming
Best game,Gaming
Suggest me a game,Gaming
Who is the most sexiest agent in Valorant Part two,Gaming
If you are jobless and YouTube is only option what will you choose,Technology and Internet
Favourite remedy game series,Gaming
Fave Roblox game,Gaming
Gaming or sex,Random
Chalo lets play ngl,Gaming
Favourite GTA,Gaming
Which game is best,Gaming
Dva from Overwatch,Gaming
I need girl friends on fortnight who would play with me am seventeen btw,Gaming
Koi pokemon unite khelta hai kya,Gaming
Which Mario character out of these four would you be,Gaming
Strongest archon in genshin impact,Gaming
fivek comment in this poll I will delete my hunch account,Technology and Internet
Who enjoyed ninety-five offer of playstore in gamelike pubg or ff,Gaming
Koi mobile legends khalta hai kya Id,Gaming
Whats your view on the cover for my FNAF lore book,Gaming
Is free fire installed in your phone,Gaming
What do you think Who is my favourite,Random
Join my discord,Technology and Internet
Which one,Random
Free fire or bgmi,Gaming
FRRE FIRE Tournaments onevone twovtwo fourvfourJoin our discord server,Gaming
You get teleported into FNAF three pick a spot to hide,Gaming
If Anyone wants to play Minecraft My Id is Brahmastraseven hundred and forty-one Comment,Gaming
Your Gaming name,Gaming
Which Games the best,Gaming
YOU LIKE FREE FIRE,Gaming
Have you seen Malcolm in the Middle,Movies and TV
Who is in danger,Random
Favourite Marvel character,Movies and TV
Which side of the armrest is really yours at the movie theater,Random
Any sitcom suggestion,Movies and TV
The nun two movie kaisi lagi Mujhe to first part jyada acchi lagi,Movies and TV
WhichOne You Follow Most,Random
Kya CID ka last episode yt me haiNaam kya hai batao Maine nehi dekha,Movies and TV
Koi bhot acchi Horror movie suggest Karo,Movies and TV
Your favourite,Random
Which type of movies do you like,Movies and TV
Should I make a horror shortfilm,Movies and TV
Whaaaaaat really This is unbelievable,Random
Drake Josh,Movies and TV
Tell me Your all time favorite cartoon shows Pt two,Movies and TV
So You have A Friend Like Mehta Sahab From TMKOC,Movies and TV
Who a Is Your Fav TMNT,Movies and TV
Which cartoon is underrated,Movies and TV
Any Abishek does not win bigboss show The reason in the picture,Movies and TV
Have u seen a comedian angry,Random
If you could revive one childhood cartoon channel which one would it be,Movies and TV
Kisine dekhi yeh moviehow many points out of ten,Movies and TV
Best movie vote now,Movies and TV
Chota Bheem ki kon Jada Pasand hai,Movies and TV
Most dangerous villian,Movies and TV
Have you see the Annabelle movie Are you scared,Movies and TV
Whos the funniest memeber you know,Random
Agar aapko ek opportunity mile super hero Bane ke tu konse bano gye,Random
Which spidooo,Random
Jack died in Titanic becoz Wrong answers only,Movies and TV
Your favorite web show or movies,Movies and TV
How many of you have watched TVD till the end Who was ur fav character,Movies and TV
Lets settle this Theres only one right answer,Random
Best memes kis movie ke hai,Movies and TV
Whom do u think is the greatest marvel character,Movies and TV
Which one you wanna watch again,Random
Rate the best Courage the cowardly dog episodes,Movies and TV
Which Power rangers were the bestryukendo is the best,Movies and TV
Favourite movie genre,Movies and TV
What was the last movie that made you cry,Movies and TV
Fav Harry Potter character,Movies and TV
Kisi ke pass dynamic duo box h Ff walo ko pta hoga,Movies and TV
Favorite movies,Movies and TV
Has AnyOne seen This webseries If yes then rate it out of ten,Movies and TV
Whats your fav movie,Movies and TV
nan,Random
which movie did you like more,Movies and TV
Thoughts on HOMELANDER,Movies and TV
Your source of daily entertainment pre social media era,Random
Do soap operas make you cry or feel all mushy with romance,Movies and TV
anyone know telugu heroes like Pavan Kalyan Mahesh babu,Movies and TV
Which GOT character shouldnt have died,Movies and TV
If you wake up in the last movie you watched how youll feel,Movies and TV
Choose Your SAVIORThe Other three will Try to Attack You,Random
Goss me for download link,Random
Is Anime a form of cartoon,Anime
How I met your mother ki ending bakwas thi,Movies and TV
Is Sanjay Singh really going to watch The Vaccine War,Movies and TV
Koi movieseries lover h,Random
Describe your favourite movie scene in detain in comments,Movies and TV
Is the nightmare before Christmas a Christmas or Halloween movie,Movies and TV
Whats the most underrated movie or TV show youve seen recently,Movies and TV
Which Webseries Would You Prefer,Movies and TV
Bigg boss kya hai,Movies and TV
Choose which is the best,Random
Koi webseries suggest kro,Movies and TV
Which one is your all time favourite,Random
The Best Sitcom is,Movies and TV
Did you guys watch insidious series,Movies and TV
What are you watching tonight,Random
What they were discussing about cmt Which one character you loved most,Movies and TV
Glory to Hanuman is which movies Dialogue,Movies and TV
Aur batao Apki fav movie kon si h,Movies and TV
If you could communicate with any MCU heroes which one would you choose,Movies and TV
Best episode,Movies and TV
Guess scene from which movie,Movies and TV
Which is Your Fav,Random
TFI start chedama,Movies and TV
Which is your favourite movie,Movies and TV
Can only choose one A mixture of friendship love life lessons comedy,Random
Whats the worst movie you ever saw,Movies and TV
Any what we do in the shadows tv and movie fans out there Lets chat,Movies and TV
Best horror movie franchise,Movies and TV
Tell me the one movie that never made you cry,Movies and TV
Any thoughts on web seriesmoney heist,Movies and TV
What horror movie you think tops the list,Movies and TV
Suggest me a series or movie to watch after boards,Movies and TV
If you could have any fictional character as your friend who would it be,Random
Abhi aap sabse jayda kya dakhte ho,random
apke pov se whos the most powerful avenger,Movies and TV
Ever heard about BRAHMARAKSHAS Here is the partone of a real incident,Random
Whats your goto comfort movie genre,Movies and TV
Bigboss is scripted,Movies and TV
Have you ever used Bollywood dialogues to diffuse family drama,Random
Whats ur all time favourite movie,Movies and TV
Dinner krte time konsa show dekhte ho,Random
Better,Random
Favourite Indian web series,Movies and TV
Which cartoon you liked to watch most,Movies and TV
Im batman,Random
Patal kot gaya hai kabhi koi ghumne ke liye vah par ek chamatkari gava ha,Random
nan,Random
How long would it take you to list all the states of India,Travel and Geography
your dream destination,Travel and Geography
Suggest kari koi acchi jagah Jaha Gumne ka mazaa aaye,Random
Is duniya ka sabse bada statue,Travel and Geography
Where would you like to live in future,Random
Varanasi kesa place h,Travel and Geography
What is this Maldives issue Can someone explain in short,Random
Whats on your bucket list,Random
Which city would you choose to start travelling around the world,Travel and Geography
Guess,Random
People who have been to Disney world Was it worth the price,Travel and Geography
Russia or Ukraine,Random
Bro got Russian,Random
Best way to travel vibe,Travel and Geography
Suggest me the best way to spend a day in Delhi,Travel and Geography
Bc duniya ghumni hai mujhe or rajayi se pair bahar nhi nikal rahe,Random
How do u skydive,Travel and Geography
Aap kaha se ho,Random
Introduce your state Without naming ti,Random
Aap apni life me konse place pr jana chate ho,Travel and Geography
I woke up to this anyobody else from himachal or hills,Random
Guess the place,Random
what you will do if u get a chance to go to past or future were wil u go,Random
Im from Kerala South India do you know anything about Kerala,Travel and Geography
"Maybe visiting GNoidahttpsngllinkshadyyyyyeighty-five thousand, three hundred and forty-six",Technology and Internet
Things to do in Jaipur Amber fort Nahargarh fort and hawa mahal done,Travel and Geography
The nearest Jyotirlinga from your current address,Travel and Geography
Im going to Nasik for four what are some fun thingsfood can I dotry,Random
Tum India ke konsi taraf rah te ho,Random
Can you guess the city,Random
Would you rather explore the world as small as an ant or as big as giant,Random
Vacation in Goa with,Travel and Geography
Best place for visit,Travel and Geography
Cristiano Ronaldos favorite holiday destination,Sports
Which state are you from React with your state famous food,Food and Drinks
Which of the place is pleasant for making vibes,Random
Youre from which state in India,Random
Whats your aria,Random
Do the solo travellers have plans this year If so when and where,Travel and Geography
Where do you live,Random
Whats your dream travel destination,Travel and Geography
Hav u ever been to vrindavan its not a place A vibe Writing from there,Travel and Geography
Which country are you from im HunchLets see the numbers,Random
Whats ur favorite country,Travel and Geography
Would you rather have a home on the beach or in the mountains,Random
Burj khalifa is tallest building in the world,Travel and Geography
Chal waha Jaate Hain jaha instaSnap aur Hunch Ki Bakchdiya na Ho,random
Do you believe in the concept of finding yourself through travel,Random
Best state in India And y its best,Random
Where was Your best trip at,Travel and Geography
EVER TRAVELLED BY BUS,Travel and Geography
One of the closest places to my heart Can you guess it,Random
Answer,Random
Beach or Mountain,Travel and Geography
Whats Youre Dream Country And State,random
Which country do you want to go,Random
if not IndiaBharat where would you like to be born,random
If you want to go alone outside Which places do u prefer,Travel and Geography
Whats your ideal vacation destination,Travel and Geography
Ever slept by standing while travelling in bus,Random
Your dream destination,Travel and Geography
is there any place you wanna go where it would be,Random
What is your dream place to go and travel,Travel and Geography
Which place you will prefer to go on vacations,Travel and Geography
About punjab,Travel and Geography
Guess the place,Random
anyone else Alaskan Native,Random
Tell the best place name you want to go in you life,Random
Long drive,Travel and Geography
Your Favourite holiday destination,Travel and Geography
Good morning at Goa Rate me out of one hundred,Travel and Geography
Chale kahi pahado pe ghumne,Travel and Geography
Anyone wanted to explore places in kolkata historic walks fun stuffs,Travel and Geography
Which is the poorest country in the world,Random
Whats your opinion on Maldives vs INDIA situation,Random
What is on your bucket list,Random
Which one is best,Random
Im in Nepal rn Kuchh mangana h toh bol do,Random
Best metro service,Random
WHAT DO U USE FOR COMMUTING when you dont have vehicle,Random
Which city are you from Also whats so special about your city,Random
Do you think India is developing,Random
India has effiel tower in ever one km Dont u agree,Random
If there was a capital country of the world which country would it be,Random
Where would you rather live,Random
Which countries people are sweetest,Random
What do you think foreners are not safe in India,Random
Favorite place,Random
What are your summer vacations plans,Travel and Geography
Do you like,Random
Anyone from Uttarakhand Need a chill person to hangouttraveltrek with,Travel and Geography
Favorite vacation spot,Travel and Geography
Which part of india you like the most,Travel and Geography
Which is your best go to place in North India,Travel and Geography
Tell ur place name I will say something special about it,Random
What do you think of Rajasthani ppl,Random
What is the first thing you will do in two thousand and twenty-four,Random
Where are you from,Random
Any song that you feel is quite underrated,Music
Your favourite song,Music
Best Outlast song,Music
how many of you tried to write a song,Music
Anyone who likes both kpop and anime,Music
Can we exchange our Spotify playlist,Music
Your opinion about brown girl music,Music
Who is world wide handsome,Random
Enrique Iglesias anybody,random
Girls name a song with which u want to vibe in,Music
Who do u think is better,Random
Idk but dheere dheere bol koi sun na le,Music
Just me or anyone else currently vibing to karimani maalika neenalla,Music
Ramathl,Random
What do you prefer with Late night lofi songs,Music
Do you guys listen his songs,Music
Which One is Better,Random
which sad bgm do u relate the most,Music
New Classic Songs Suggestion For You all,Music
TAYLOR SWIFT IS A VIBE,Music
I believe Taylor Swifts songs are not that good Prove me wrong,Music
Best rapper,Music
Are there people from India who love death metal,Music
comment your fvrt lines from your fvrt songs,Music
nan,Technology and Internet
Whats your fav song,Music
Vivad no sixteen which is best,Random
Best rapper in dhh,Music
Do you like rap song And whom you like to here,Music
Kyu khudko me barbaad kru fana hoke tujhse milu ishq ka alg h qaida,Music
Do you listen to OLD SONGS Kishore Kumar Lata jietc,music
Ap kiske fan ho,Random
Pick a genre,Random
I finally found my spirit animal,Random
Nigga,Random
Best Indian EDM Music Producer,Music
Le me sending random lyrics on the server,Music
Your Current fav Song,Music
Is there anyone who listens to the bombaychoir,Music
Late night music recommendations from me,Music
Who is your favorite bhojapuri singer,Music
Your Favourite Avicii song I miss him RIP,Music
Kabhi bts ke gana suna hai,Music
Your favourite singer,Random
Loud music for blasting while cleaning my room,Music
Why do you listen music,Random
Me Radioactive itll blow up the speaker,Music
heard a song ek baap ki hogi toh humko pehle dogi,Music
What do you do in your boredom tell me anything,Random
Weeknd ke gaane sunte ho,Music
Wo Noor ka jharna hai ma pyaas purani,Music
Is Arjit Singh the best singer in the last twenty years,Music
Kahi dur jab din dhal jaaye,Music
Whats your favourite album,Music
Hai,Random
To guys bolne ki jrurt nahi khud batado Kon kiska fan h tagda,Random
Do you listen to BTS songs If yes whats youre opinion on haters,Music
Write incomplete lyrics strangers will complete it,Music
Anybody who uses SoundCloud,Music
I play guitar and sing too Does that add as a plus point GIRLS ONLY,Music
Chalo Antakshri khelte hai,Music
Which genre of music resonates with you the most,Music
Favv singer,music
If I said I write songs would you hear me sing them all night long,Music
Nothings new,Random
what do you think hes listening to,Random
Itne chaatein marunga itne chaatein marunga,Random
nan,random
JADO SAD HONDE KIDA SONG SUNDE OO TUSI,Random
If you know these songs your music taste is,Music
Who is the greatest singer,Music
Which is your favourite song,Music
Any musical instrument you played or still playing,Music
What should I wear to a taylor swift event,Random
Soare you a carat,Random
Whose songs make ur day a little better Mohit Chauhan or Papon,Music
I can play your guitar,Music
Is there any hustle fan,Random
Comment your favorite kpop songs from A to Z,Music
Comment your favourite lyrics,Music
Anyone up for hearing my song,Music
Hum tere bin ab reh nhi sakte,Music
Who is ur fav,Random
Bichad ke fir milenge Yaken kitna tha Khaab hi tha Magar hasen kitna tha,Music
any girly pop wanna gn,Random
twelve,Random
Reach churaayi meri Kisne o sanam,Music
Tune jo na kaha,Music
Badshah vs honey Singh,Music
Do you think ang laga de from Ramleela is a beautiful song,Music
Me after dancing on energetic songs for straight two hours,Random
BTS or Taylor Swift,Music
Konsa song prefer kroge,Music
nan,Random
How many songs have you heard in ur life,Music
You favorites singer,Music
Headphone suggest kardo aukad ke andar,Random
Any KK fan,Music
Sidhu moose wala ya Taylor swift,Music
My polls hitting the right people rn,Random
BJP KITNI SEAT JEET SAKTI HAI,Random
Pick one app you cant live without,Technology and Internet
What did you think about two thousand and twenty-four how will be PM,Random
Science or maths,Random
What was the last song you listened to,Music
Do you support Farmers Protest nofarmernofood,Random
Anyone in the media field,Random
Bjp or congress,Random
Age Group Voting please hunch nd cmt below same age group will be friend,Random
What do you already have that you are here to do timepass on Hunch,Technology and Internet
Follow for follow back,Random
The audacity to be toxic online and a scared cat in real Lol,Random
Which face wash do you use,Random
Poll Poll Poll Poll Poll Poll Poll Poll Poll Poll Poll Poll Poll Poll,Random
None of the above,Random
Bhejo Content Khatam,Technology and Internet
Unknown,Random
Any tips for remembering chemical reactions,Random
RANDOM CHAT,Random
Mock elections,Random
Aaya mosam voting karne ka Will you vote,Random
Which one is easy to prepare and pass,Random
Who love mathss,Random
What is better,Random
Mera display dekhke kis politician ki yaad aati,Random
Borr horhi entertainment chaiye tha,Random
Tumhe kya lagta hai ye duniya kaisi hai,Random
Who will u vote,Random
How do you help the family with the work,Random
Which sub,Random
two thousand and twenty-nine क चनव म परधन मतर क रप म कसक दखन चहत ह,Random
"rachitssix thousand, two hundred and sixty-three ko vote do sabhi MrHunch bana do Rashogolla milega",Random
Who is going to win the election,Random
your thoughts on Modi Meloni reels,Random
Who would you like as Prime Minister of India in two thousand and twenty-four,Random
guess the car,Random
"Insta group join kroge age one thousand, five hundred and twenty",Technology and Internet
Who is the next priminister of India,Random
Thoughts,Random
Is Amit Shah in the stadium or still in the booking queue,Random
How small is a nucleus to an atom,Random
Jee coaching online or offline Which is better,Random
How many wars have India and Pakistan fought since partition,Random
I want to sell my ghar in just rupees seventeen lakh can anyone want to buy,Random
Mei alpha creator bann gya,Random
Family Problems broke us,Random
If the maths was the only subject in the world whould you hate or love i,Random
What happens if you burn a diamond,Random
whats your favourite car,Random
Ok guys genuine question What will pick among these,Random
I imagine you in every empty sit I sit beside,Random
Give follow i ll follow back,Technology and Internet
Whats your fav,Random
Lets see tenths toppers Your score,Random
sevenxseven hundred and seven x,Random
ten me konsa difficult hoga,Random
Lets play follow and follow back,Random
Abki bar modi sarkar,Random
The indian parents that send their boys abroad r setting them up for hell,Random
Guys its time now,Random
Hello guyzz,Random
Sad,Random
Truth or dare,Random
Would yall cop this supercharger pontiac bonneville,Random
Ngl,Technology and Internet
Poll,Random
Rajasthan Jane apko kab qa dikh Jaye Kismat Wale log,Random
Question for all,Random
Whos in for Napoleon,Random
How cold is it at your place,Random
About Rahul ghandi,Random
Whos coming in two thousand and twenty-four,Random
fav class,Random
Is bar kiski Sarkar,Random
Politics me kon kon intrested hai,Random
Konsa subject jyada Hard hai,Random
Wts the dirtiest sexual fntsy tht u alwys hv but dnt hv the courage two try,Law and Order
ONLY FOR BOYS FAVORITE PNSTAR,Random
Kya opinion hai,Random
WIN IN ELECTION IN two thousand and twenty-four IN BHARAT,Random
Do you have interest in businessDo you like to open startup business,Random
Is it possible to boil water at room temperature science winter,Random
Indian is two thousand and twenty-four in prime minister,Random
Best p sites,Random
Aaj ki kya line,Random
Who will you vote for in Loksabha Elections two thousand and twenty-four,Random
Who was the first to take Berlin in World War II,Random
Sir pe bomb maroge to phle Keye fatega created by TapuKePapa,Random
Fav shark on shark tank India,Random
Online Hona Abhi Bhi Ya Loodak Gaye,Random
Who all thinks Nitish Kumar is one of the smartest politician,Random
Mathematics Question,Random
Vote karo,Random
I want to become no one on hunch lets support me everyone,Technology and Internet
Whats your zodiac sign,Random
Abki baar four hundred paarYes or No,Random
Can someone remove my loneliness Please polite,Random
